Model_Name,Category,States,Keywords,Num_Participants,Description,url,Stage,Authority,Display_Summary
Advance Payment ACO Model,Accountable Care,"NC,KY,NH,FL,TX,RI,TN,CA,MA,MD,MS,CT,IN,AR,MO,OH,NE","Accountable Care, ACOs, Advance Payment ACO Model, Accountable Care Organizations (ACOs), rural, Medicare, Shared Savings Program, prospective payment",35,"The Advance Payment ACO Model is providing upfront and 
monthly payments to 35 ACOs participating in the Medicare 
Shared Savings Program.",/initiatives/Advance-Payment-ACO-Model/,No Longer Active,Section 3021 of the Affordable Care Act,true
BPCI Model 1: Retrospective Acute Care Hospital Stay Only,Episode-based Payment Initiatives,KS,"Episode-based Payment Initiatives, Bundled Payments for Care Improvement (BPCI) Initiative, BPCI, BPCI Model 1: Retrospective Acute Care Hospital Stay Only, Medicare",1,"The Bundled Payments for Care Improvement Initiative 
bundles payment for an episode of care. In Model 1,
retrospective bundled payments are made for acute care 
hospital stays only.",/initiatives/BPCI-Model-1/,Ongoing,Section 3021 of the Affordable Care Act,true
BPCI Model 2: Retrospective Acute & Post Acute Care Episode,Episode-based Payment Initiatives,"AK,AR,CA,CT,DE,FL,GA,IA,ID,IL,IN,KS,KY,LA,MA,MI,MN,MO,MS,NC,NE,NH,NJ,NM,NV,NY,OH,OK,OR,PA,RI,SC,SD,TN,TX,UT,VA,VT,WA,WI,WV,WY","Episode-based Payment Initiatives, Bundled Payments for Care Improvement (BPCI) Initiative, BPCI Model 2: Retrospective Acute & Post Acute Care Episode, BPCI, Medicare",554,"The Bundled Payments for Care Improvement Initiative bundles payment for an episode of care. In Model 2, retrospective bundled payments are made for acute care hospital stay plus post-acute care.",/initiatives/BPCI-Model-2/,Ongoing,Section 3021 of the Affordable Care Act,true
BPCI Model 3: Retrospective Post Acute Care Only,Episode-based Payment Initiatives,"AK,AL,AZ,CA,CO,CT,FL,GA,IA,ID,IL,IN,KY,MA,MD,ME,MI,MN,MO,MT,NC,NJ,NM,NV,NY,OH,OK,OR,PA,RI,SC,SD,TN,TX,UT,VA,WA,WI,WV","Episode-based Payment Initiatives, Bundled Payments for Care Improvement (BPCI) Initiative, BPCI, BPCI Model 3: Retrospective Post Acute Care Only, Medicare",780,"The Bundled Payments for Care Improvement Initiative bundles payment for an episode of care. In Model 3, retrospective bundled payments are made for post-acute care only.",/initiatives/BPCI-Model-3/,Ongoing,Section 3021 of the Affordable Care Act,true
BPCI Model 4: Prospective Acute Care Hospital Stay Only,Episode-based Payment Initiatives,"CA,FL,MI,NJ,PA","Episode-based Payment Initiatives, Bundled Payments for Care Improvement (BPCI) Initiative, BPCI, BPCI Model 4: Prospective Acute Care Hospital Stay Only, Medicare",8,"The Bundled Payments for Care Improvement Initiative bundles payment for an episode of care. In Model 4, prospective bundled payments are made for acute care hospital stays only.",/initiatives/BPCI-Model-4/,Ongoing,Section 3021 of the Affordable Care Act,true
Community-based Care Transitions Program,Initiatives to Speed the Adoption of Best Practices," CA,IL,NY,AZ,PA,MA,MI,OH,NC,AL,IN,KY","Speeding the Adoption of Best Practices, Partnership for Patients, Nationwide, Hospital-Acquired Conditions, Readmissions, CCTP, Community-Based Care Transitions Program, Medicare, Hospital Engagement Networks",18,The Community-Based Care Transition Program is supporting community-based organizations to reduce readmissions by improving transitions of high-risk Medicare beneficiaries from the inpatient hospital setting to home or other care settings.,/initiatives/CCTP/,Ongoing,Section 3026 of the Affordable Care Act,true
Comprehensive ESRD Care Model,Accountable Care,"CA,FL,IL,NC,NJ,NY,PA,SC,TN,TX","Accountable Care, comprehensive esrd care model, esrd, end-stage renal disease, dialysis, Medicare",13,The Comprehensive ESRD Care Model is designed to improve care for beneficiaries with ESRD while lowering Medicare costs.,/initiatives/comprehensive-ESRD-care/,Ongoing,Section 3021 of the Affordable Care Act,true
Comprehensive Primary Care Initiative,Primary Care Transformation,"NY,NJ,CO,OK,AR,OH,OR,KY","Primary Care Transformation, Comprehensive Primary Care Initiative, Medicare, managed care, multi-payer",442,"The CPC Initiative is a multi-payer initiative providing financial 
support to primary care practices in 7 markets.",/initiatives/Comprehensive-Primary-Care-Initiative/,Ongoing,Section 3021 of the Affordable Care Act,true
Financial Alignment Initiative for Medicare-Medicaid Enrollees,Initiatives Focused on the Medicare-Medicaid Enrollees,"MA,WA,OH,IL,CA,VA,NY,SC,RI,MN,CO,MI,TX"," Initiatives Focused on the Medicare-Medicaid Enrollees, Financial Alignment Initiative, dual eligibles, Medicare, Medicaid, Medicare-Medicaid enrollees, Financial Alignment Initiative for Medicare-Medicaid Enrollees",13,"Enables states to integrate care and payment systems for 
Medicare-Medicaid enrollees and better coordinate their care.",/initiatives/Financial-Alignment/,Ongoing,Section 3021 of the Affordable Care Act,true
FQHC Advanced Primary Care Practice Demonstration,Primary Care Transformation,"WA,WI,CA,GA,LA,IL,WV,KY,ID,NH,AK,NC,AR,MI,HI,MD,TX,SC,IA,MI,NM,MO,PA,MS,OH,NJ,NY,IN,MS,TN,SD,OR,VA,CO,NE,MT,FL,MA,CT,WY,MN,KY,RI,ND,ID,ME,AL,KS,OK,AL,OR","Primary Care Transformation, Federally Qualified Health Center (FQHC), medical home, Medicare, managed care, Medicaid, dual eligibles, Medicare, FQHC Advanced Primary Care Practice Demonstration",434,"The Federally Qualified Health Center (FQHC) Advanced Primary 
Care Practice Demonstration is testing the efficiency of patient-
centered medical homes among FQHCs.",/initiatives/FQHCs/,No Longer Active,Section 3021 of the Affordable Care Act,true
Frontier Extended Stay Clinic Demonstration,Primary Care Transformation,"AK,WA","Primary Care Transformation, Frontier Extended Stay Clinic Demonstration, acute care, remote geographic areas",5,"The Frontier Extended Stay Clinic Demonstration is allowing 
remote clinics to treat patients for more extended periods, including overnight stays, that are entailed in routine physician visits.",/initiatives/Frontier-Extended-Stay-Clinic/,No Longer Active,"Section 434 of the Medicare Prescription Drug, Improvement, and Modernization Act of 2003",true
Graduate Nurse Education Demonstration,Primary Care Transformation,"PA,NC,AZ,IL,TX","Primary Care Transformation, Graduate Nurse Education Demonstration, GNE, Advanced Practice Registered Nurses (APRNs), Medicare",5,"The Graduate Nurse Education Demonstration is supporting 
hospitals for the reasonable cost of providing clinical training 
to advanced practice registered nursing (APRN) training.",/initiatives/GNE/,Ongoing,Section 5509 of the Affordable Care Act,true
Health Care Innovation Awards,Initiatives to Accelerate the Development and Testing of New Payment and Service Delivery Models,"MA,TX,NJ,MN,SD,NC,GA,PA,OR,MD,VA,DC,RI,CT,VT,NM,WA,CA,NH,NE,IL,NY,OH,CO,TN,MI,WI,DE,AR,MO,SC,FL,HI,MT,WY,UT,ID,ME,IA,OK,AZ,IN,ND,AK,NV,ND,AL,PR,OR,KS,KY,MS,WV,ID,LA","Health Care Innovation Awards, Initiatives to Accelerate the Development and Testing of New Payment and Service Delivery Models, Medicare, Medicaid, Children's Health Insurance Program (CHIP), CHIP, grants, HCIA, Challenge, managed care, community health, rural",107,"The Health Care Innovation Awards are funding competitive grants to compelling new ideas that deliver health care at lower costs to people enrolled in Medicare, Medicaid, and CHIP.",/initiatives/Health-Care-Innovation-Awards/,Ongoing,Section 3021 of the Affordable Care Act,true
Independence at Home Demonstration,Primary Care Transformation,"MA,DE,OH,NY,NC,OR,TX,FL,MI,VA","Primary Care Transformation, Independence at Home Demonstration, Medicare, home-based care, chronic conditions",13 Independent Practices and 1 Consortium,The Independence at Home Demonstration is supporting home-based primary care for Medicare beneficiaries with multiple chronic conditions.,/initiatives/Independence-at-Home/,Ongoing,Section 3024 of the Affordable Care Act,true
Initiative to Reduce Avoidable Hospitalizations Among Nursing Facility Residents,Initiatives Focused on the Medicare-Medicaid Enrollees,"AL,IN,MO,NE,NV,NY,PA ","Initiatives Focused on the Medicare-Medicaid Enrollees, Initiative to Reduce Avoidable Hospitalizations Among Nursing Facility Residents, Partnership for Patients, Medicare-Medicaid enrollees, dual eligibles, Medicaid, Medicare",7,"Offers enhanced clinical services to beneficiaries in extended-care 
nursing facilities.",/initiatives/rahnfr/,Ongoing,Section 3021 of the Affordable Care Act,true
Innovation Advisors Program,Initiatives to Speed the Adoption of Best Practices,"MA,CA,NC,MD,WI,TN,DC,PA,RI,MN,MI,IL,NY,CO,KY,WA,VA,OH,LA,NH,UT,OR,WY,GA,CA,IA,NJ,HI,TX"," Initiatives to Speed the Adoption of Best Practices, Innovation Advisors Program",71,"The Innovation Advisors Program supported dedicated, skilled individuals in the health care system who can test new models of care delivery in their own organizations and work locally to improve the health of their communities.",/initiatives/Innovation-Advisors-Program/,No Longer Active,Section 3021 of the Affordable Care Act,true
Medicaid Emergency Psychiatric Demonstration,Initiatives Focused on the Medicaid and CHIP Population,"AL,CA,CT,DC,IL,ME,MD,MO,NC,RI,WA,WV"," Initiatives Focused on the Medicaid and CHIP Population, Medicaid Emergency Psychiatric Demonstration, Medicaid, Children's Health Insurance Program (CHIP) ",12,The Medicaid Emergency Psychiatric Demonstration supported treatment for psychiatric emergencies at private psychiatric hospitals in 11 states and the District of Columbia.,/initiatives/Medicaid-Emergency-Psychiatric-Demo/,No Longer Active,Section 2707 of the Affordable Care Act,true
Medicaid Incentives for the Prevention of Chronic Diseases Model,Initiatives Focused on the Medicaid and CHIP Population,"WI,MN,NY,NV,NH,MT,HI,TX,CA,CT"," Initiatives Focused on the Medicaid and CHIP Population, Medicaid Incentives for the Prevention of Chronic Diseases Model, grants, managed care",10,The Medicaid Incentives for the Prevention of Chronic Diseases Model is supporting 10 states providing incentives for Medicaid beneficiaries to participate in prevention programs and demonstrate changes in health risks and outcomes.,/initiatives/MIPCD/,Ongoing,Section 4108 of the Affordable Care Act,true
Medicare Acute Care Episode (ACE) Demonstration,Episode-based Payment Initiatives,Missing,"Episode-based Payment Initiatives, Bundled Payments for Care Improvement (BPCI), Medicare Acute Care Episode (ACE) Demonstration, Medicare, Value-Based Care Centers",5,"The Acute Care Episode (ACE) Demonstration is testing the effect 
of bundling Part A and B payments for episodes of acute care.",/initiatives/ACE/,No Longer Active,"Section 646 of the Medicare Prescription Drug, Improvement, and Modernization Act of 2003",true
Medicare Coordinated Care Demonstration,Primary Care Transformation,Missing,"Primary Care Transformation, Medicare Coordinated Care Demonstration, Medicare",15,"The Medicare Coordinated Care Demonstration is testing whether 
providing coordinated care services to Medicare beneficiaries with complex chronic conditions can yield patient outcomes without increasing program costs.",/initiatives/Medicare-Coordinated-Care/,No Longer Active,Section 4106 of the Balanced Budget Act of 1997,true
Medicare Health Care Quality Demonstration,Accountable Care,Missing,"Accountable Care, Medicare Health Care Quality Demonstration, Medicare",4,"The Medicare Health Care Quality Demonstration is testing major 
changes to improve quality of care while increasing efficiency across an entire health care system.",/initiatives/Medicare-Health-Care-Quality/,Ongoing,"Section 646 of the Medicare Prescription Drug, Improvement, and Modernization Act of 2003",true
Medicare Hospital Gainsharing Demonstration,Episode-based Payment Initiatives,Missing,"Episode-based Payment Initiatives, Medicare Hospital Gainsharing Demonstration, rural, Medicare",2,This demonstration is testing arrangements between hospitals and physicians designed to govern the utilization of inpatient hospital resources and physician work and improve operational hospital performance with the sharing of remuneration.,/initiatives/Medicare-Hospital-Gainsharing/,No Longer Active,Deficit Reduction Act of 2005 and Section 3027 of the Affordable Care Act,true
Medicare Imaging Demonstration,Initiatives to Speed the Adoption of Best Practices,Missing," Initiatives to Speed the Adoption of Best Practices, Medicare Imaging Demonstration, MRI, computed tomography, CT scan, nuclear medicine",5,"Collects data regarding physician use of advanced diagnostic 
imaging services to determine the appropriateness of services in relation to medical specialty guidelines.",/initiatives/Medicare-Imaging/,No Longer Active,Section 135(b) of the Medicare Improvements for Patients and Providers Act of 2008,true
Multi-Payer Advanced Primary Care Practice,Primary Care Transformation," ME,VT,RI,NY,MI","Primary Care Transformation, Multi-payer Advanced Primary Care Practice Demonstration, medical home, APC, Medicaid, Medicare",5,"In the Multi-Payer Advanced Primary Care Practice Demonstration, 
CMS is joining in multi-payer primary care initiatives that are currently being conducted within states.",/initiatives/Multi-Payer-Advanced-Primary-Care-Practice/,Ongoing,Section 402 of the Social Security Amendments of 1967 as amended,true
Nursing Home Value-Based Purchasing Demonstration,Accountable Care,"AZ,NY,WI","Accountable Care, Nursing Home Value-Based Purchasing Demonstration, Medicare, Medicaid",182,"Nursing Home Value-Based Purchasing Demonstration provides 
incentive payment awards to participating nursing homes that perform the best or improve the most in terms of quality.",/initiatives/Nursing-Home-Value-Based-Purchasing/,Ongoing,Section 402 of the Social Security Amendments of 1967 as amended,true
Partnership for Patients,Initiatives to Speed the Adoption of Best Practices,Missing,"Initiatives to Speed the Adoption of Best Practices, Partnership for Patients, Community-based Care Transitions Program, Hospital Engagement Networks (HENs), Hospital-Acquired Conditions, Care Transitions, Medicare, Readmissions",Missing,"The Partnership for Patients is a nationwide public-private partnership that offers support to physicians, nurses and other clinicians working in and out of hospitals to reduce hospital-acquired conditions and readmissions.",/initiatives/Partnership-for-Patients/,Ongoing,Section 3021 of the Affordable Care Act,true
Physician Group Practice Transition Demonstration,Accountable Care,Missing," Accountable Care, Shared Savings Program, Medicare, Medicare Physician Group Practice Transition Demonstration, Physician Group Practice Transition Demonstration",6,"A precursor to the Medicare Shared Savings Program, the Physician 
Group Practice Transition Demonstration rewarded groups for efficient and high quality care.",/initiatives/Physician-Group-Practice-Transition/,No Longer Active,Sections 3022 and 3027 of the Affordable Care Act,true
Physician Hospital Collaboration Demonstration,Episode-based Payment Initiatives,NJ,"Episode-based Payment Initiatives, Physician Hospital Collaboration Demonstration, Medicare",12,"The Physician Hospital Collaboration Demonstration is examining the 
effects of gainsharing aimed at improving the quality of care being delivered.",/initiatives/Physician-Hospital-Collaboration/,No Longer Active,"Section 646 of the Medicare Prescription Drug, Improvement, and Modernization Act of 2003",true
Pioneer ACO Model,Accountable Care," MN,MA,AZ,WI,CA,MI,NY"," Accountable Care, ACOs, Pioneer ACO Model, Accountable Care Organizations (ACOs), Shared Savings Program, alligned beneficiaries, quality metrics, coordinated care, quality measures, Medicare",9,The Pioneer ACO Model is rewarding 19 groups of health care providers experienced in working together to coordinate care.,/initiatives/Pioneer-ACO-Model/,Ongoing,Section 3021 of the Affordable Care Act,true
"Private, For-Profit Demo Project for the Program of All-Inclusive Care for the Elderly (PACE)",Accountable Care,PA,"Accountable Care, Private For-Profit Demo Project for the Program of All-Inclusive Care for the Elderly (PACE), PACE, Medicare",6,"This demonstration is studying the quality and cost of providing PACE 
program services under the Medicare and Medicaid Programs.",/initiatives/PACE/,Ongoing,Section 4804 of the Balanced Budget Act of 1997,true
Rural Community Hospital Demonstration,Accountable Care,"AK,CO,IA,KS,ME,MS,NM,SD,UT","Accountable Care, Rural Community Hospital Demonstration, Medicare, rural",14,"The Rural Community Hospital Demonstration is testing the feasibility 
and advisability of providing reasonable cost reimbursements for small rural hospitals.",/initiatives/Rural-Community-Hospital/,Ongoing,Sections 410A of the Medicare Modernization Act of 2003 as amended by sections 3123 and 10313 of the Affordable Care Act,true
State Innovation Models Initiative: Model Design Awards Round One,Initiatives to Accelerate the Development and Testing of New Payment and Service Delivery Models,"OH,DE,HI,RI,TX,CA,IA,ID,TN,MD,CT,NH,PA,UT,MI,IL","State Innovation Models Initiative, State Innovation Models Initiative: Model Design Awards, Initiatives to Accelerate the Development and Testing of New Payment and Service Delivery Models",16,Sixteen states received funding to develop state-based models for multi-payer payment and health care delivery system transformation.,/initiatives/State-Innovations-Model-Design/,Ongoing,Section 3021 of the Affordable Care Act,true
State Innovation Models Initiative: Model Pre-Test Awards,Initiatives to Accelerate the Development and Testing of New Payment and Service Delivery Models,"CO,NY,WA"," Initiatives to Accelerate the Development and Testing of New Payment and Service Delivery Models, State Innovation Models Initiative: Model Pre-Testing Awards, State Innovation Models Initiative",3,Three states further developed their state-based models for multi-payer payment reform and health care delivery system transformation.,/initiatives/State-Innovations-Model-Pre-Testing/,No Longer Active,Section 3021 of the Affordable Care Act,true
State Innovation Models Initiative: Model Test Awards Round One,Initiatives to Accelerate the Development and Testing of New Payment and Service Delivery Models,"AR,ME,MA,MN,OR,VT","State Innovation Models Initiative, State Innovation Models Initiative: Model Test Awards, Initiatives to Accelerate the Development and Testing of New Payment and Service Delivery Models",6,"Six states are implementing, testing, and evaluating a multi-payer health system transformation model that aims to deliver high quality care and improve health system performance for its residents.",/initiatives/State-Innovations-Model-Testing/,Ongoing,Section 3021 of the Affordable Care Act,true
Strong Start for Mothers and Newborns Initiative: Enhanced Prenatal Care Models,Initiatives Focused on the Medicaid and CHIP Population,"AK,AL,AR,AZ,CA,CT,DC,FL,GA,IL,KY,LA,MD,MI,MN,MO,MS,MT,NC,NE,NJ,NM,NV,NY,OK,OR,PA,PR,SC,TN,TX,VA,WI,WV","Strong Start for Mothers and Newborns Initiative, Initiatives Focused on the Medicaid and CHIP Population, Medicaid, Children's Health Insurance Program (CHIP)",182,"This initiative will test three evidence-based maternity care service 
approaches that aim to improve the health outcomes of pregnant women and newborns. ",/initiatives/Strong-Start-Strategy-2/,Ongoing,Section 3021 of the Affordable Care Act,true
Million Hearts,Initiatives to Speed the Adoption of Best Practices,Missing," Initiatives to Speed the Adoption of Best Practices, Million Hearts, heart attacks, strokes, cardiovascular disease",Missing,Million Hearts is a national initiative to prevent 1 million heart attacks and strokes over five years.,/initiatives/Million-Hearts/,Ongoing,Section 3021 of the Affordable Care Act,true
State Innovation Models Initiative: General Information,Initiatives to Accelerate the Development and Testing of New Payment and Service Delivery Models,Missing," Initiatives to Accelerate the Development and Testing of New Payment and Service Delivery Models, Medicare, Medicaid, Children's Health Insurance Program (CHIP), CHIP, community health, Model Testing, Model Design, grants, State Innovation Models Initiative",Missing, The State Innovation Models initiative is a $275 million competitive funding opportunity for States to design and test multi-payer payment and delivery models that deliver high-quality health care and improve health system performance.,/initiatives/State-Innovations/,Not Applicable,Missing,Missing
Accountable Care Organizations (ACOs): General Information,Accountable Care,Missing,"Accountable Care, ACOs, Accountable Care Organizations (ACOs): General Information, Medicare, coordinated care, managed care, Shared Savings Program, Medicare Shared Savings Program, Pioneer ACO Model, Advance Payment ACO Model",Missing," ACOs are groups of clinicians, hospitals, and other health-care providers that choose to come together to deliver coordinated, high-quality care to the Medicare patients they serve.",/initiatives/ACO/,Not Applicable,Missing,Missing
Bundled Payments for Care Improvement (BPCI) Initiative: General Information,Episode-based Payment Initiatives,Missing,"Episode-based Payment Initiatives, Bundled Payments for Care Improvement (BPCI) Initiative: General Information, BPCI, Medicare, prospective payment, BPCI Model 1: Retrospective Acute Care Hospital Stay Only, BPCI Model 2: Retrospective Acute & Post Acute Care Episode, BPCI Model 3: Retrospective Post Acute Care, BPCI Model 4: Prospective Acute Care Hospital Stay Only",Missing,The Bundled Payments for Care Improvement intitiative evaluates 4 different models of bundled payments for a defined episode of care to incentivize care redesign.,/initiatives/Bundled-Payments/,Not Applicable,Missing,Missing
Strong Start for Mothers and Newborns Initiative: Effort to Reduce Early Elective Deliveries,Initiatives Focused on the Medicaid and CHIP Population,Missing," Strong Start for Mothers and Newborns Initiative, Initiatives Focused on the Medicaid and CHIP Population, Medicaid, Children's Health Insurance Program (CHIP), Partnership for Patients",Missing,The Strong Start effort to reduce early elective deliveries supports providers and mothers-to-be in their efforts to decrease the number of early elective deliveries and improve outcomes for mothers and infants.,/initiatives/Strong-Start-Strategy-1/,Ongoing,Section 3021 of the Affordable Care Act,Missing
Strong Start for Mothers and Newborns Initiative: General Information,Initiatives Focused on the Medicaid and CHIP Population,Missing,"Initiatives Focused on the Medicaid and CHIP Population, Strong Start for Mothers and Newborns Initiative, Medicaid, Children's Health Insurance Program (CHIP), Partnership for Patients",Missing,Strong Start supports reducing elective deliveries prior to 39 weeks and offers enhanced prenatal care to decrease preterm births through awards to 27 organizations.,/initiatives/Strong-Start/,Not Applicable,Missing,Missing
Medicare Intravenous Immune Globulin (IVIG) Demonstration,Initiatives to Accelerate the Development and Testing of New Payment and Service Delivery Models,Missing,"Initiatives to Accelerate the Development and Testing of New Payment and Service Delivery Models, Medicare Intravenous Immune Globulin (IVIG) Demonstration, IVIG, primary immune deficiency disease (PIDD), home health",Missing,This Demonstration is being implemented to evaluate the benefits of providing payment and items for services needed for in-home administration of intravenous immune globulin for the treatment of primary immune deficiency disease (PIDD).,/initiatives/IVIG/,Accepting Applications,Medicare IVIG Access and Strengthening Medicare and Repaying Taxpayers Act of 2012,true
Maryland All-Payer Model,Initiatives to Accelerate the Development and Testing of New Payment and Service Delivery Models,MD," Initiatives to Accelerate the Development and Testing of New Payment and Service Delivery Models, Maryland All-Payer Model, Medicare, Medicaid, Children's Health Insurance Program (CHIP), states",1,This Model is a partnership between CMS and the state of Maryland to modernize Maryland's unique all-payer rate-setting system for hospital services.,/initiatives/Maryland-All-Payer-Model/,Announced,Section 3021 of the Affordable Care Act,true
Frontier Community Health Integration Project Demonstration,Initiatives to Accelerate the Development and Testing of New Payment and Service Delivery Models,"MT,NV,ND","Initiatives to Accelerate the Development and Testing of New Payment and Service Delivery Models, Frontier Community Health Integration Project Demonstration, Medicare, critical access hospitals (CAHs), rural, telemedicine, home health, home-based care, ambulance, remote geographic areas",10,"This demonstration aims to develop and test new models of integrated, coordinated health care in the most sparsely populated rural counties.",/initiatives/Frontier-Community-Health-Integration-Project-Demonstration/,Participants Announced,Section 3126 of the Affordable Care Act,true
Specialty Practitioner Payment Model Opportunities: General Information,Episode-based Payment Initiatives,Missing,"Episode-based Payment Initiatives, Specialty Practitioner Payment Model Opportunities, Medicare, Medicaid, Children's Health Insurance Program, CHIP, chronic conditions, managed care, outpatient",Missing,The Centers for Medicare & Medicaid Services (CMS) are seeking input on two areas related to initiatives surrounding innovative models of payment for specialty care.,/initiatives/Specialty-Practitioner/,Under Development,Section 3021 of the Affordable Care Act,true
Transforming Clinical Practice Initiative,Primary Care Transformation,"AK,AL,AR,AZ,CA,CO,CT,DE,FL,GA,HI,IA,ID,IL,IN,KS,KY,LA,MA,ME,MD,MI,MN,MO,MS,MT,NC,ND,NE,NH,NJ,NM,NV,NY,OH,OK,OR,PA,RI,SC,SD,TN,TX,UT,VA,VT,WA,WI,WV,WY","Primary Care Transformation, Transforming Clinical Practice Initiative, TCPI, quality improvement strategies, clinicians, learning networks, population-based care, large-scale investment, value-based payment, infrastructure",41,"A large-scale health transformation initiative to support clinician practices in sharing, adapting and developing comprehensive quality improvement strategies.",/initiatives/Transforming-Clinical-Practices/,Announced,Section 3021 of the Affordable Care Act,true
Medicare Care Choices Model,Initiatives to Accelerate the Development and Testing of New Payment and Service Delivery Models,"OH,MI,VT,CA,NV,OR,WA,TN,MA,NY,CT,NJ,IA,MN,IL,WI,SC,NC,GA,KY,VA,MD,DE,PA,FL,MO,LA,IN,TX,MT,IN,KS,ID,ME,SD,OK,VT,AZ,UT,HI","Initiatives to Accelerate the Development and Testing of New payment and Service Delivery Models, Medicare Care Choices Model, hospice, Medicare, Medicaid, curative treatment, dual eligible individuals, Medicare hospice benefit, Medicaid hospice benefit, shared decision making, care coordination",141,The Medicare Care Choices Model aims to develop innovative payment systems to improve care options for hospice eligible beneficiaries by allowing greater beneficiary access to comfort and rehabilitative care in Medicare and Medicaid.,/initiatives/Medicare-Care-Choices/,Ongoing,Section 3021 of the Affordable Care Act,true
Health Care Innovation Awards Round Two,Initiatives to Accelerate the Development and Testing of New Payment and Service Delivery Models,"AZ,CA,CO,CT,DC,FL,GA,IA,IL,KS,MA,MD,MI,MN,MO,NE,NC,NH,NM,NY,OH,PA,SD,TX,WA,WI,VA","Initiatives to Accelerate the Development and Testing of New Payment and Service Delivery Models, Health Care Innovation Awards Round Two, HCIA Round Two, grants",39,"The Health Care Innovation Awards Round Two are funding competitive grants to compelling new ideas that deliver health care at lower costs to people enrolled in Medicare, Medicaid, and CHIP.",/initiatives/Health-Care-Innovation-Awards/Round-2.html,Ongoing,Section 3021 of the Affordable Care Act,true
State Innovation Models Initiative: Model Test Awards Round Two,Initiatives to Accelerate the Development and Testing of New Payment and Service Delivery Models,"CO,CT,DE,ID,IA,MI,NY,OH,RI,WA","State Innovation Models Initiative, State Innovation Models Initiative: Model Test Awards Round Two, Initiatives to Accelerate the Development and Testing of New Payment and Service Delivery Models",11,The second round of State Innovation Models Initiative Model Testing Awards will provide financial and technical support over a four-year period for states to test and evaluate multi-payer health system transformation models.,/initiatives/State-Innovations-Model-Testing-Round-Two/,Announced,Section 3021 of the Affordable Care Act,true
State Innovation Models Initiative: Model Design Awards Round Two,Initiatives to Accelerate the Development and Testing of New Payment and Service Delivery Models,"AS,AZ,CA,DC,HI,KY,IL,MD,MT,NV,NH,NJ,NM,MP,OK,PA,PR,UT,VA,WV,WI","State Innovation Models Initiative, State Innovation Models Initiative: Model Design Awards Round Two, Initiatives to Accelerate the Development and Testing of New Payment and Service Delivery Models",21,The second round of State Innovation Models Initiative Model Design Awards will provide financial and technical support to states for their planning and design efforts.,/initiatives/State-Innovations-Model-Design-Round-Two/,Announced,Section 3021 of the Affordable Care Act,true
Medicaid Innovation Accelerator Program,Initiatives Focused on the Medicaid and CHIP Population,Missing,"Initiatives Focused on the Medicaid and CHIP Population, Medicaid, CHIP, Medicaid Innovation Accelerator Program, IAP, technical assistance, CMCS",Missing,"This program aims to support state efforts to accelerate innovations to improve health and care, while decreasing costs in the Medicaid and CHIP programs.",/initiatives/MIAP/,Announced,Section 3021 of the Affordable Care Act,true
Beneficiary Engagement and Incentives Models: General Information,Initiatives to Speed the Adoption of Best Practices,Missing,"Beneficiary Engagement and Incentives Models: General Information, Initiatives to Speed the Adoption of Best Practices, Medicare, Medicaid, Childer's Health Insurance Plan, CHIP, Medicare-Medicaid enrollees",Missing,The Centers for Medicare and Medicaid Services (CMS) are seeking input on models testing health care engagement among multiple beneficiary groups.,/initiatives/Beneficiary-Engagement/,Accepting Letters of Intent,Section 3021 of the Affordable Care Act,true
Health Plan Innovation Initiatives,Initiatives to Accelerate the Development and Testing of New Payment and Service Delivery Models,Missing,"Health Plan Innovation Initiatives, Medicare, Medicaid, CHIP, Childrens Health Insurance Plan, Medigap, Medicare Advantage, Retiree Supplemental Health Plans, HPI, Part D",Missing,"The Centers for Medicare and Medicaid Services is seeking input on potential models to test model designs, network designs and incentives in Medicare, Medicaid, Medigap and retiree Supplemental health plans.",/initiatives/HPI/,Under Development,Section 3021 of the Affordable Care Act,true
ACO Investment Model,Accountable Care,"CA,OK,MN,KS,MS,WV,TX,KY,ME,NC,FL,IA,WI,IL,MO,MI,NH,VT,OH,PA,WA,AL,SC,GA,SD,OR,MT,ID,WY,TN,SD,NE,NM,CO","ACO Investment Model, Accountable Care Organization, Medicare Shared Savings Program, Advance Payment ACO Model, Pioneer ACO Model, rural areas",45,The ACO Investment Model is testing new pre-payment approaches meant to support Medicare Shared Savings Program ACOs.,/initiatives/ACO-Investment-Model/,Announced,Section 3021 of the Affordable Care Act,true
State Innovation Models Initiative: Round Two,Initiatives to Accelerate the Development and Testing of New Payment and Service Delivery Models,"AS,AZ,CA,CO,CT,DC,DE,IA,ID,IL,KY,MD,MI,MP,MT,NH,NM,NJ,NV,NY,OH,OK,PA,PR,RI,TN,UT,VA,WA,WI,WV","State Innovation Models Initiative, State Innovation Models Initiative: Round Two, Initiatives to Accelerate the Development and Testing of New Payment and Service Delivery Models",32,"The second round of State Innovation Models Initiative awards is providing over $665 million to support state-led, multi-payer health care payment and service delivery innovation.",/initiatives/State-Innovations-Round-Two/index.html,Announced,Section 3021 of the Affordable Care Act,true
Oncology Care Model,Episode-based Payment Initiatives,"AL,AR,AZ,CA,CT,FL,GA,IL,IN,KY,MA,ME,MI,MN,NE,NJ,NM,NY,OH,OK,OR,PA,SC,TN,TX,UT,VA,WA,WI,WV","Oncology Care Model, chemotherapy, care coordination, shared decision making,  Medicare, Medicare Advantage, Medicaid","195 practices, 16 payers","This innovative new payment model for physician practices administering chemotherapy aims to provide higher quality, more coordinated oncology care at lower cost to Medicare.",/initiatives/Oncology-Care/,Participants Announced,Section 3021 of the Affordable Care Act,true
Advanced Primary Care Initiatives,Primary Care Transformation,Missing,"Advanced Primary Care Initiatives, community health, population-based care, ",Missing,The Centers for Medicare & Medicaid Services (CMS) is seeking input on the design of the next generation of advanced primary care model(s).,/initiatives/Advanced-Primary-Care/,Under Development,Section 3021 of the Affordable Care Act,true
Health Care Payment Learning and Action Network,Initiatives to Speed the Adoption of Best Practices,Missing,"Health Care Payment Learning and Action Network, Initiatives to Speed the Adoption of Best Practices, value-based payments, alternative payment models, payment reform, alternative payment models",Missing,The Health Care Payment Learning and Action Network aims to advance cross-sector work to increase adoption of value-based and alternative payment models.,/initiatives/Health-Care-Payment-Learning-and-Action-Network/,Ongoing,Section 3021 of the Affordable Care Act,true
Next Generation ACO Model,Accountable Care,"AZ,CA,IA,IL,IN,MA,ME,MI,MN,NC,TX,WI","Next Generation ACO Model, Accountable Care, Medicare, quality improvement, incentives, care coordination, alternative payment models",18,This model allows provider groups to assume higher levels of financial risk and reward than are available under the current Pioneer ACO Model and Shared Savings Program through incentives and support tools.,/initiatives/Next-Generation-ACO-Model/,Applications Under Review,Section 3021 of the Affordable Care Act,true
Medicare Demonstrations,Initiatives to Accelerate the Development and Testing of New Payment and Service Delivery Models,Missing,"Medicare Demonstrations, Treatment of Certain Complex Diagnostic Laboratory Tests,  Electronic Health Records Demonstration,  Home Health Pay for Performance Demonstration,  Medicare Medical Home Demonstration,  Medicare Part D Payment Demonstration,  Post Acute Care Payment Reform Demonstration,  Medicare Low Vision Rehabilitation Demonstration,  Medicare Care Management Performance Demonstration,  Senior Risk Reduction Program,  Recovery Audit Contractors,  Cancer Prevention and Treatment Demonstration for Ethnic and Racial Minorities,  Rural Hospice Demonstration,  Medicare Replacement Drug Demonstration,  Frequent Hemodialysis Network Clinical Trials,  Demonstration Project for Medical Adult Day Care Services,  MMA 623 ESRD Bundled Payment Demonstration,  Care Management for High-Cost Beneficiaries Demonstration,  DoD Subvention Demonstration,  MMA Section 651 Expansion of Coverage of Chiropractic Services Demonstration,  Medicare Home Health Independence Demonstration,  Demonstration Project For Competitive Bidding of Clinical Laboratory Services,  Community Nursing Organization Demonstration,  Demonstration Project for Consumer-Directed Chronic Outpatient Services,  End Stage Renal Disease (ESRD) Disease Management Demonstration,  Medicare Preferred Provider Organization Demonstration,  Medicare BIPA Disease Management Demonstration,  Premier Hospital Quality Incentive Demonstration,  End-Stage Renal Disease Managed Care Demonstration,  Social Health Maintenance Organization Demonstration (SHMO),  Medicare Stop Smoking Program,  Medicare Partnerships for Quality Services Demonstration,  Demonstrations Serving Those Dually-Eligible for Medicare and Medicare,  Evercare Demonstration,  Home Health Agency Prospective Payment Demonstration,  Durable Medical Equipment Competitive Bidding Demonstration,  Informatics for Diabetes Education and Telemedicine (IDEATel) Demonstration Project,  Medicare Physician Group Practice Demonstration,  Medicare Lifestyle Modification Program Demonstration,  Medicare Participating Heart Bypass Center Demonstration,  Medicare Choices Demonstration,  Medicare Case Management (Early Coordinated Care) Demonstrations",Missing,The Center for Medicare & Medicaid Innovation (CMMI) conducts both demonstration projects and model tests to measure the effect of potential program changes. CMMI also sponsors demonstration projects and model tests conducted by other components at the Centers for Medicare & Medicaid Services.,//innovation.cms.gov/Medicare-Demonstrations/,Ongoing,Missing,true
Million Hearts®: Cardiovascular Disease Risk Reduction Model,Initiatives to Speed the Adoption of Best Practices,"AZ,AK,CA,CO,DC,WA,OR,ID,MT,UT,WY,NM,TX,OK,KS,ND,NE,MN,IA,MO,AR,LA,MS,TN,IL,WI,MI,IN,OH,AL,GA,FL,SC,NC,VA,PA,OH,NY,NJ,CT,RI,NH,ME,DE,HI,PR","Million Hearts: Cardiovascular Disease Risk Reduction Model, Million Hearts, CVD, Initiative to Speed the Adoption of Best Practices, Medicare, heart attacks, stroke, predictive modelling, population-level risk management",516,This model provides opportunity for the design of sustainable care approaches to decrease cardiovascular disease risk for Medicare beneficiaries.,/initiatives/Million-Hearts-CVDRRM/,Participants Announced,Section 3021 of the Affordable Care Act,true
Comprehensive Care for Joint Replacement Model,Episode-based Payment Initiatives,"AL, AR, CA, CT, FL, GA, IL, IN, KS, KY, LA, MI, MO, NC, NE, NM, NY, ND, OH, OK, PA, SC, TN, TX, UT, WA, WI","Comprehensive Care for Joint Replacement Model, Episode-based Payment Initiatives, lower extremity joint replacement, hip replacement, knee replacement, surgeries",67 MSAs,The Center for Medicare & Medicaid Services is seeking input on this proposed model that aims to improve care and reduce costs for hip and knee replacements through episode-based payments.,/initiatives/ccjr/,Ongoing,Section 3021 of the Affordable Care Act,true
Medicare Advantage Value-Based Insurance Design Model,Initiatives to Accelerate the Development and Testing of New Payment and Service Delivery Models,"IN,MA,PA","Medicare Advantage Value-Based Insurance Design Model, Health Plan Innovation Initiatives, Medicare Advantage, value-based insurance design, HPI, Medicare, vbid, VBID, MA-VBID, chronic conditions",11,This model is testing the value of extra benefits or reductions in cost sharing for Medicare Advantage enrollees with chronic health conditions.,/initiatives/vbid/,Accepting Applications,Section 3021 of the Affordable Care Act,true
Home Health Value-Based Purchasing Model,Initiatives to Accelerate the Development and Testing of New Payment and Service Delivery Models,"AZ,FL,IA,MA,MD,NE,NC,TN,WA","Home Health Value-Based Purchasing Model, Medicare, value based, HHVBP",Missing,This proposed model is designed to support greater quality and efficiency among Medicare-certified home health agencies by shifting away from payments based on volume towards payments based on quality.,/initiatives/home-health-value-based-purchasing-model,Ongoing,Section 3021 of the Affordable Care Act,true
Part D Enhanced Medication Therapy Management Model,Initiatives to Accelerate the Development and Testing of New Payment and Service Delivery Models,"AZ,FL,IA,LA,MN,MT,NE,ND,SD,VA,WY","Part D Enhanced Medication Therapy Management Model, Health Plan Innovation Initiatives, Medicare, Part D, MTM, Enhanced MTM, PDP, Health Plan Innovation Initiatives, HPI, drug coverage ",6,"This model will test changes to the Part D program to achieve better alignment of PDP sponsor and government financial interests, while also creating incentives for robust investment and innovation in MTM programs, lower health costs, and higher quality care. ",/initiatives/enhancedmtm/,Announced,Section 3021 of the Affordable Care Act,true
Accountable Health Communities Model,Initiatives to Accelerate the Development and Testing of New Payment and Service Delivery Models,Missing,"Initiatives to Accelerate the Development and Testing of New Payment and Service Delivery Models, Accountable Health Communities Model, Medicare, Medicaid, community services, social needs, health related social needs, bridge organizations, clinical-community collaboration, community services",Missing,The Accountable Health Communities Model will test whether addressing unmet health-related social needs can reduce health care costs and utilization among community Medicare and Medicaid beneficiaries.,/initiatives/ahcm/,Applications Under Review,Section 3021 of the Affordable Care Act,true
Medicare Part B Drugs Payment Model,Initiatives to Accelerate the Development and Testing of New Payment and Service Delivery Models,Missing,"Medicare Part B Drugs Payment Model, Medicare, prescription drugs",Missing,The Medicare Part B Drug Payment Model is a proposed rule to test a new model to improve how Medicare Part B pays for prescription drugs and supports physicians and other clinicians in delivering higher quality care.,/initiatives/part-b-drugs,Under Development,Section 3021 of the Affordable Care Act,true
Initiative to Reduce Avoidable Hospitalizations among Nursing Facility Residents: Phase Two,Initiatives Focused on the Medicare-Medicaid Enrollees,"AL,CO,IN,MO,NV,NY,PA","Initiative to Reduce Avoidable Hospitalizations among Nursing Facility Residents: Phase Two, Initiatives Focused on the Medicare-Medicaid Enrollees, dual eligible, Medicare, Medicaid, long-term care (LTC)",6,Phase Two of the Initiative offering enhanced clinical services to beneficiaries in long-term care facilities.,/initiatives/rahnfr-phase-two/,Announced,Section 3021 of the Affordable Care Act,true
Comprehensive Primary Care Plus,Primary Care Transformation,Missing,"Comprehensive Primary Care Plus, CPC+, primary care, medical home",Missing,A national advanced primary care medical home model that aims to strengthen primary care through a regionally-based multi-payer payment reform and care delivery transformation.,/initiatives/comprehensive-primary-care-plus/,Announced,Section 3021 of the Affordable Care Act,true
Regional Budget Payment Concept,Initiatives to Accelerate the Development and Testing of New Payment and Service Delivery Models,Missing,"Regional Budget Payment Concept, geographically defined communities, global budgets, regionally-based payment approaches",Missing,The Centers for Medicare and Medicaid Services is seeking input on the feasibility of regional multi-payer prospective budgets as a potential payment model and potential for rural areas.,/initiatives/regional-budget-payment/,Under Development,Section 3021 of the Affordable Care Act,true
Historically Black Colleges and Universities (HBCU) Research Grant Program,Initiatives to Speed the Adoption of Best Practices,Missing,"Historically Black Colleges and Universities (HBCU) Research Grant Program, diversity, grant, health research",Missing,This program supports researchers at Historically Black Colleges and Universities (HBCUs) in carying out health services research for diverse CMS beneficiary populations.,/initiatives/hbcu/,Ongoing,Section 1110 of the Social Security Act,true
Hispanic Health Services Research Grant Program,Initiatives to Speed the Adoption of Best Practices,Missing,"Hispanic Health Services Research Grant Program, diversity, grant, health research",Missing,This program supports research to implement Hispanic American health services to meet the needs of diverse CMS beneficiary populations.,/initiatives/hhsrgp/,Ongoing,Section 1110 of the Social Security Act,true
Medicare Diabetes Prevention Program (MDPP) Expanded Model,Initiatives to Speed the Adoption of Best Practices,Missing,"Medicare Diabetes Prevention Program (MDPP) Expanded Model, Medicare, diabetes, proposed rule",Missing,This program is a structured lifestyle intervention to prevent onset of diabetes in pre-diabetic individuals.,/initiatives/medicare-diabetes-prevention-program/,Announced,Section 1115A of the Social Security Act,true
Episode Payment Models: General Information,Episode-based Payment Initiatives,Missing,"Episode Payment Models: General Information, bundled payments, Medicare",Missing,This rule has created four new episode payment models (EPMs) and a Cardiac Rehabilitation (CR) Incentive Payment Model.,/initiatives/epm/,Not Applicable,Section 1115A of the Social Security Act,true
Cardiac Rehabilitation (CR) Incentive Payment Model,Initiatives to Accelerate the Development and Testing of New Payment and Service Delivery Models,Missing,"Cardiac Rehabilitation (CR) Incentive Payment Model, cardiac care, heart attack, stroke, Medicare",Missing,This model will test the impact of providing an incentive payment for cardiac rehabilitation to hospitals where beneficiaries are hospitalized for a heart attack or bypass surgery.,/initiatives/cardiac-rehabilitation/,Under Development,Section 1115A of the Social Security Act,true
Vermont All-Payer ACO Model,Accountable Care,VT,"Accountable Care, Vermont All-Payer ACO Model, Medicare, Medicaid, all payer",1,This alternative payment model incentivizes delivery of health care value and quality among significant Vermont payers to transform health care for Vermont's population.,/initiatives/vermont-all-payer-aco-model/,Announced,Section 3021 of the Affordable Care Act,true
Beneficiary Engagement and Incentives: Direct Decision Support (DDS) Model,Initiatives to Speed the Adoption of Best Practices,Missing,"Direct Decision Support (DDS) Model, DDS, Beneficiary Engagement and Incentives Models",Missing,This model will test an approach to shared decision making provided outside of the clinical delivery system by an organization that provides health management and decision support services.,/initiatives/Beneficiary-Engagement-DDS/,"Announced, Accepting Letters of Intent",Section 3021 of the Affordable Care Act,true
Beneficiary Engagement and Incentives: Shared Decision Making (SDM) Model,Initiatives to Speed the Adoption of Best Practices,Missing,"Shared Decision Making (SDM) Model, SDM, Beneficiary Engagement and Incentives Models",Missing,This model will test test a specific approach to integrate a structured Four Step shared decision making process into the clinical practice of practitioners who are participating Accountable Care Organizations (ACOs).,/initiatives/Beneficiary-Engagement-SDM/,"Announced, Accepting Letters of Intent",Section 3021 of the Affordable Care Act,true
Medicare-Medicaid Accountable Care Organization (ACO) Model,Initiatives Focused on the Medicare-Medicaid Enrollees,Missing,"Medicare-Medicaid ACO Model, Medicare, Medicaid, dual-eligible enrollees, Medicare Shared Savings Program, SSP, accountable care organizations",Missing,"This model is a partnership between CMS and states, offering Medicare Shared Savings Program ACOs the opportunity to take on accountability for the quality of care and costs for Medicare-Medicaid enrollees.",/initiatives/medicare-medicaid-aco-model/,"Announced, Accepting Letters of Intent",Section 3021 of the Affordable Care Act,true
